{
  "codeSystems" : [{
    "url" : "http://hl7.org/fhir/administrative-gender",
    "version" : "4.0.1",
    "status" : "active",
    "name" : "AdministrativeGender",
    "title" : "AdministrativeGender",
    "description" : "The gender of a person used for administrative purposes.",
    "oids" : ["2.16.840.1.113883.4.642.4.2"],
    "uses" : {
    },
    "http://hl7.org/fhir/R4/valueset-administrative-gender.html" : "AdministrativeGender"
  },
  {
    "url" : "http://hl7.org/fhir/link-type",
    "version" : "4.0.1",
    "status" : "active",
    "name" : "LinkType",
    "title" : "LinkType",
    "description" : "The type of link between this patient resource and another patient resource.",
    "oids" : ["2.16.840.1.113883.4.642.4.424"],
    "uses" : {
    },
    "http://hl7.org/fhir/R4/valueset-link-type.html" : "LinkType"
  },
  {
    "url" : "http://terminology.hl7.org/CodeSystem/v2-0131",
    "version" : "3.0.0",
    "status" : "active",
    "name" : "ContactRole2",
    "title" : "contactRole2",
    "description" : "Code system of concepts which specify a relationship role that the next of kin/associated parties plays with regard to the patient. Also used in referrals, for example, it may be necessary to identify the contact representative at the clinic that sent a referral. Used in HL7 Version 2 messaging in the NK1 and CTD segments after 2.5, when it replace 2.16.840.1.113883.18.57.",
    "oids" : ["2.16.840.1.113883.18.58"],
    "uses" : {
    },
    "http://hl7.org/fhir/R4/valueset-patient-contactrelationship.html" : "Patient Contact Relationship "
  },
  {
    "url" : "http://terminology.hl7.org/CodeSystem/v3-MaritalStatus",
    "version" : "3.0.0",
    "status" : "active",
    "name" : "MaritalStatus",
    "title" : "MaritalStatus",
    "description" : "\\* \\* \\* No description supplied \\* \\* \\*\r\n\r\n*Open Issue:* The specific meanings of these codes can vary somewhat by jurisdiction and implementation so caution should be used when determining equivalency.\r\n\r\n*Open Issue:* fixing and completion of the hierarchy and proper good definitions of all the concepts is badly needed.",
    "oids" : ["2.16.840.1.113883.5.2"],
    "uses" : {
    },
    "http://hl7.org/fhir/R4/valueset-marital-status.html" : "MaritalStatus"
  },
  {
    "url" : "http://terminology.hl7.org/CodeSystem/v3-NullFlavor",
    "version" : "3.0.0",
    "status" : "active",
    "name" : "NullFlavor",
    "title" : "NullFlavor",
    "description" : "A collection of codes specifying why a valid value is not present.",
    "oids" : ["2.16.840.1.113883.5.1008"],
    "uses" : {
    },
    "http://hl7.org/fhir/R4/valueset-marital-status.html" : "MaritalStatus"
  }]
}
